modelo,f1_val_iou50,revocacao_val_iou50,ap50_val_custom,mae_contagem_val
YOLO11s,0.83630335681724,0.8781549173194082,0.8847498694621,4.675
YOLO11n,0.8230927835051547,0.8685813751087903,0.8772377546898286,4.825
YOLO11m,0.7942657884540876,0.8920800696257616,0.8626852150587158,8.125
