particao,iou,AP
test,0.3,0.8842919420629359
test,0.5,0.8723472460689747
test,0.75,0.7514767412639859
